S.No,Name,CMP Rs,PE,Mar Cap Rs Cr,Div Yld %,NP Qtr Rs Cr,Qtr Profit Var %,Sales Qtr Rs Cr,Qtr Sales Var %,ROCE %
1,Reliance Industr,1537.40,27.16,2080481.74,0.36,22092.00,9.67,254623.00,9.97,9.69
2,HDFC Bank,990.00,21.06,1522868.50,1.10,20363.77,10.01,86993.84,4.81,7.51
3,Bharti Airtel,2066.30,38.41,1239245.76,0.78,8650.80,65.11,52145.40,25.73,13.48
4,TCS,3184.20,22.92,1152071.43,1.87,12131.00,8.54,65799.00,2.40,64.63
5,ICICI Bank,1362.85,18.30,974347.41,0.80,14318.15,3.16,48180.91,4.00,7.87
6,SBI,958.40,11.26,884662.30,1.66,21860.59,-4.25,128040.50,5.78,6.47
7,Infosys,1585.00,23.43,658507.88,2.70,7375.00,13.19,44490.00,8.55,37.50
8,Bajaj Finance,1008.50,34.28,627537.36,0.43,4947.76,21.89,20178.90,18.06,11.35
9,Larsen & Toubro,3980.55,33.93,547556.96,0.85,4678.01,15.63,67983.53,10.44,14.49
10,Life Insurance,858.50,10.73,543001.03,1.39,10095.92,30.66,241524.29,4.50,53.13
11,Hind. Unilever,2299.30,51.11,540241.43,1.85,2694.00,-2.14,16241.00,1.98,27.85
12,ITC,403.10,25.01,505034.49,3.54,5186.55,2.91,19501.63,-2.44,36.79
13,Maruti Suzuki,15941.70,33.84,501211.13,0.84,3349.00,7.95,42344.20,13.07,21.70
14,HCL Technologies,1664.40,26.66,451662.45,3.22,4236.00,0.00,31942.00,10.67,31.61
15,M & M,3630.95,31.71,451518.97,0.70,3963.75,15.85,46105.67,21.57,13.93
16,Sun Pharma.Inds.,1786.25,37.15,428581.21,0.90,3124.95,2.56,14478.31,8.93,20.21
17,Kotak Mah. Bank,2126.65,22.79,422938.14,0.12,4468.27,-11.42,17198.74,4.70,8.17
18,Axis Bank,1276.70,15.18,396291.64,0.08,5566.56,-25.31,32309.77,2.24,7.11
19,Titan Company,3843.65,82.63,341233.87,0.29,1120.00,59.09,18725.00,28.84,19.14
20,UltraTech Cem.,11315.90,45.44,333456.02,0.67,1237.98,75.23,19606.93,20.33,10.89
21,Bajaj Finserv,2066.05,34.14,330116.18,0.05,4746.47,7.53,37402.93,10.98,11.03
22,Adani Ports,1498.65,26.92,323729.10,0.47,3120.20,25.07,9167.46,29.72,13.80
23,NTPC,320.95,13.13,311214.53,2.61,5225.30,-3.94,44785.82,0.18,9.95
24,O N G C,238.90,8.25,300542.86,5.17,12614.60,5.19,157911.08,-0.89,12.04
25,Hind.Aeronautics,4291.10,33.91,286978.09,0.93,1669.05,10.82,6628.61,10.92,33.88
26,Adani Enterp.,2217.35,115.32,286632.91,0.06,3414.43,-62.74,21248.51,-6.01,9.45
27,Bharat Electron,387.40,49.64,283180.86,0.62,1287.16,17.88,5792.09,25.78,38.88
28,Eternal Ltd,284.20,1458.92,274263.01,0.00,65.00,-63.07,13590.00,183.18,2.66
29,Adani Power,141.50,22.59,272878.48,0.00,2906.46,-11.38,13456.84,0.88,22.54
30,Wipro,258.30,20.10,270847.03,2.33,3262.40,1.17,22697.30,1.77,19.51
31,Asian Paints,2807.80,67.04,269323.53,0.89,1018.23,20.45,8531.27,6.28,25.72
32,JSW Steel,1098.00,43.90,268510.92,0.25,1646.00,166.16,45152.00,13.78,8.11
33,Bajaj Auto,8983.30,30.18,250865.57,2.34,2122.03,53.17,15734.74,18.78,28.06
34,Avenue Super.,3814.35,90.82,248212.31,0.00,684.85,3.86,16676.30,15.45,17.95
35,Power Grid Corpn,265.85,16.26,247256.54,3.39,3566.08,-5.98,11475.95,1.76,12.78
36,Coal India,381.95,7.51,235385.45,6.97,4262.64,-30.76,30186.70,-3.19,48.04
37,Nestle India,1210.70,78.03,233461.00,1.11,753.20,-1.88,5643.61,10.57,95.66
38,I O C L,163.20,9.55,230458.53,1.85,8190.86,1388.14,178628.15,2.09,7.36
39,Hindustan Zinc,512.20,20.68,216420.92,5.67,2632.00,11.58,8525.00,3.43,60.73
40,Vedanta,523.85,15.99,204845.64,8.29,3479.00,-22.44,39868.00,5.94,25.26
41,Tata Steel,162.40,27.61,202732.42,2.23,3183.09,310.38,58689.29,8.88,8.83
42,SBI Life Insuran,2013.45,82.34,201889.62,0.13,494.59,-6.58,23115.32,-42.64,16.88
43,Eicher Motors,7216.70,38.90,197953.54,0.98,1369.45,24.46,6171.59,44.77,29.81
44,Hyundai Motor I,2315.25,33.48,188123.58,0.90,1570.25,17.38,17061.03,1.10,54.25
45,Grasim Inds,2743.60,43.12,186707.47,0.36,1498.04,68.24,39899.58,16.59,7.50
46,Interglobe Aviat,4810.10,36.71,185953.98,0.20,-2614.10,-164.37,18555.30,9.34,17.34
47,Jio Financial,290.45,114.71,184531.17,0.17,695.04,0.87,981.39,41.51,1.47
48,Hindalco Inds.,821.10,10.32,184519.79,0.62,4741.00,14.25,66058.00,13.50,14.80
49,LTIMindtree,6220.00,37.86,184416.34,1.03,1381.20,12.00,10394.30,10.19,27.63
50,TVS Motor Co.,3609.20,65.78,171468.39,0.28,832.76,41.93,14051.22,24.33,15.35
51,DLF,684.00,43.93,169311.27,0.87,1180.09,-27.08,1643.04,-16.81,6.51
52,Divi's Lab.,6300.00,67.24,167245.21,0.48,689.00,35.10,2715.00,16.12,20.44
53,HDFC Life Insur.,771.60,87.94,166422.14,0.28,448.29,3.01,20650.68,-27.53,6.58
54,Adani Green,993.15,74.55,163589.28,0.00,644.00,102.55,3008.00,0.10,8.70
55,Varun Beverages,473.25,53.90,160052.61,0.21,745.19,19.62,4896.65,1.91,24.85
56,Shriram Finance,834.70,17.93,157030.42,1.16,2314.16,12.22,11912.44,18.07,10.95
57,B P C L,354.40,7.19,153756.61,2.80,6191.49,168.30,104946.27,2.10,16.22
58,Tech Mahindra,1550.40,33.87,151886.63,2.85,1201.70,-4.45,13994.90,5.12,18.56
59,Muthoot Finance,3751.20,20.56,150598.83,0.69,2411.65,90.36,7282.79,47.76,13.19
60,Pidilite Inds.,1461.05,66.29,148693.12,0.69,584.60,8.36,3554.44,9.88,29.84
61,Bank of Baroda,287.00,7.77,148418.19,2.90,5180.63,-4.14,33318.24,4.44,6.29
62,I R F C,112.35,21.47,146824.65,1.41,1776.98,10.19,6371.89,-7.65,5.83
63,Cholaman.Inv.&Fn,1739.20,31.67,146747.53,0.12,1159.61,19.82,7491.38,19.76,10.34
64,Trent,4020.00,88.14,142905.95,0.12,373.42,11.25,4817.68,15.90,30.71
65,Britannia Inds.,5825.00,60.56,140305.80,1.26,655.06,23.12,4840.63,3.71,52.99
66,Tata Motors,377.70,514.30,139081.71,0.00,-1021.00,40.83,16861.00,8.65,
67,Tata Capital,325.70,37.69,138255.28,0.00,1118.97,2.01,7737.18,7.69,9.58
68,Punjab Natl.Bank,117.40,7.86,134927.10,2.47,5120.59,8.72,32512.76,6.78,6.32
69,Canara Bank,146.35,6.89,132749.04,2.73,4896.43,15.81,32071.97,6.26,6.79
70,Ambuja Cements,530.80,22.79,131204.40,0.38,2302.28,233.64,9174.49,21.48,10.50
71,Torrent Pharma.,3795.00,59.26,128434.26,0.84,591.00,32.49,3302.00,14.30,27.05
72,Tata Motors PVeh,343.50,9.42,126488.10,1.72,76248.00,-214.83,72349.00,-13.52,19.97
73,Cummins India,4529.50,54.48,125557.72,1.15,622.33,38.49,3170.27,26.38,36.32
74,Samvardh. Mothe.,116.60,36.80,123064.72,0.49,845.63,-3.25,30172.97,8.49,13.66
75,Bajaj Holdings,11028.65,17.35,122737.85,0.82,1689.88,8.54,396.87,42.21,9.82
76,Tata Power Co.,379.90,30.00,121390.99,0.60,1245.39,-8.03,15544.91,-0.97,10.81
77,Cipla,1491.35,22.25,120466.94,0.87,1353.37,3.73,7589.44,7.64,22.72
78,Hero Motocorp,5940.60,22.57,118860.52,2.77,1320.98,23.05,12218.39,16.56,30.34
79,Adani Energy Sol,985.00,52.50,118326.36,0.00,557.10,-20.89,6595.83,6.66,10.23
80,Vodafone Idea,10.77,,116685.46,0.00,-5524.20,22.49,11194.70,2.40,-1.93
81,Godrej Consumer,1133.05,61.60,115938.71,1.33,459.34,-2.86,3825.09,4.33,19.21
82,Power Fin.Corpn.,344.20,4.63,113589.58,4.55,7834.39,8.31,28890.24,12.32,9.73
83,Union Bank (I),148.50,6.10,113359.07,3.20,4425.95,-6.84,26664.81,-0.82,6.72
84,Solar Industries,12479.90,85.46,112930.69,0.08,361.45,20.67,2082.22,21.35,38.13
85,Tata Consumer,1141.00,84.72,112906.98,0.72,406.51,4.48,4965.90,17.83,9.16
86,Siemens,3164.25,66.74,112685.48,0.38,485.40,-7.14,5171.20,16.02,15.83
87,HDFC AMC,2608.80,40.70,111737.08,1.74,718.06,24.47,1026.04,15.65,43.33
88,GAIL (India),168.15,12.34,110560.19,4.45,1988.71,-26.77,35537.12,4.86,14.05
89,A B B,5155.00,61.80,109238.72,0.86,409.04,-7.17,3310.72,13.69,38.65
90,Bosch,36501.70,47.40,107656.80,1.39,554.20,10.82,4794.80,9.11,21.11
91,Polycab India,7139.10,43.61,107470.90,0.49,692.96,55.85,6477.21,17.80,29.72
92,Siemens Ener.Ind,3014.35,97.56,107347.23,0.00,359.60,,2645.70,,38.52
93,ICICI AMC,,36.56,107006.97,,1617.74,20.84,2949.38,19.98,110.99
94,Indus Towers,404.50,11.38,106713.68,0.00,1839.30,-17.28,8188.20,9.68,28.99
95,Lodha Developers,1068.60,32.07,106712.72,0.39,789.80,86.50,3798.50,44.67,15.62
96,LG Electronics,1567.55,51.82,106400.93,0.00,389.43,-27.30,6174.03,0.98,56.83
97,BSE,2594.80,58.77,105685.97,0.22,557.02,61.05,1068.39,31.36,46.57
98,Indian Bank,784.40,8.93,105655.79,2.07,3108.63,11.01,16628.28,8.19,6.38
99,CG Power & Ind,667.40,98.36,105103.28,0.19,284.44,29.76,2922.79,21.14,37.48
100,United Spirits,1437.00,60.95,104520.30,0.84,464.00,42.56,3173.00,11.57,26.50
101,Dr Reddy's Labs,1252.60,18.11,104544.63,0.64,1336.80,7.28,8828.30,9.83,22.69
102,United Spirits,1437.00,60.95,104520.30,0.84,464.00,42.56,3173.00,11.57,26.50
103,GMR Airports,98.90,,104428.29,0.00,35.06,85.74,3669.99,47.07,6.92
104,Jindal Steel,1008.65,28.64,102891.19,0.20,635.08,-25.86,11685.88,4.21,10.67
105,Indian Hotels Co,720.60,60.73,102572.52,0.31,318.26,-9.12,2040.89,11.76,17.21
106,IDBI Bank,94.80,10.97,101932.76,2.16,3240.77,73.56,7109.01,-4.51,6.78
107,Apollo Hospitals,7019.50,60.32,100929.68,0.27,494.00,25.98,6303.50,12.78,16.64
108,Mazagon Dock,2443.60,42.20,98569.88,0.70,749.48,28.10,2929.24,6.25,43.19
109,Swiggy,395.25,,98561.43,0.00,-1092.00,-75.28,5561.00,54.43,-29.22
110,ICICI Lombard,1934.00,34.41,96308.60,0.64,819.54,18.10,6869.33,11.75,24.86
111,B H E L,275.35,171.72,95878.66,0.18,374.89,253.17,7511.80,14.09,4.87
112,H P C L,449.70,6.84,95688.16,2.34,3859.30,2605.05,100855.60,0.90,10.52
113,Persistent Systems,6031.80,57.11,95151.68,0.56,471.47,45.07,3580.72,23.59,30.44
114,Marico,725.45,56.52,94167.29,1.44,432.00,-0.71,3482.00,30.71,45.16
115,Aditya Birla Cap,359.25,28.87,93955.98,0.00,882.47,-14.09,10594.96,2.64,9.33
116,Lupin,2054.20,21.69,93827.98,0.58,1484.83,73.34,7047.51,24.23,21.30
117,Shree Cement,25869.10,54.29,93337.64,0.42,309.82,303.60,4761.07,17.44,6.71
118,ICICI Pru Life,643.50,71.28,93138.26,0.14,295.83,17.87,11935.93,-52.56,11.94
119,Zydus Lifesci.,925.50,18.52,93126.95,1.18,1238.60,40.92,6123.20,16.92,24.31
120,Ashok Leyland,158.10,27.78,92865.62,1.94,819.70,23.63,12576.86,12.82,14.26
121,REC Ltd,342.95,5.30,90306.35,5.18,4414.93,9.34,15152.67,10.75,9.96
122,Billionbrains,145.60,47.91,89887.50,0.00,471.34,12.18,1018.74,-9.48,62.57
123,PB Fintech.,1928.00,193.22,89203.72,0.00,134.89,166.15,1613.55,38.24,5.90
124,Dabur India,502.25,49.27,89083.60,1.58,444.79,6.48,3191.32,5.37,20.24
125,Mankind Pharma,2149.25,50.77,88722.19,0.05,520.18,-22.00,3697.16,20.77,15.98
126,Havells India,1392.30,59.69,87332.96,0.70,318.28,18.93,4779.33,5.29,25.32
127,Info Edg.(India),1346.70,66.28,87322.79,0.44,347.50,1813.56,805.45,14.93,3.00
128,SRF,2924.15,53.57,86679.13,0.25,388.18,92.72,3640.19,6.30,12.27
129,Hitachi Energy,19012.95,118.19,84745.25,0.03,264.36,405.57,1832.55,17.94,19.44
130,Bharti Hexacom,1669.90,52.02,83495.00,0.59,421.20,66.42,2317.30,10.47,17.44
131,Waaree Energies,2891.15,30.79,83161.40,0.07,878.21,132.97,6065.64,69.70,34.94
132,SBI Cards,865.05,42.97,82313.61,0.29,444.77,9.98,4960.98,12.21,10.40
133,One 97,1265.50,745.80,80933.67,0.00,21.00,149.74,2061.00,24.23,-10.14
134,Bajaj Housing,96.15,33.96,80115.40,0.00,642.96,17.84,2754.85,14.30,9.55
135,JSW Energy,451.95,39.11,78990.28,0.43,824.27,-17.41,5177.42,59.91,6.49
136,NHPC Ltd,76.83,24.34,77176.01,2.47,1219.28,13.49,3365.26,10.27,7.42
137,NTPC Green Ene.,90.87,126.14,76570.06,0.00,86.38,130.26,612.29,21.52,4.89
138,L&T Finance Ltd,304.25,28.25,76142.34,0.89,734.88,5.64,4335.75,7.87,8.71
139,GE Vernova T&D,2927.80,81.48,74966.29,0.17,299.48,107.08,1538.46,38.88,54.74
140,Dixon Technolog.,12331.65,57.80,74777.59,0.06,745.70,184.68,14855.04,28.79,39.95
141,AU Small Finance,993.40,34.13,74173.23,0.10,560.87,-1.81,4511.28,15.36,8.40
142,I O B,36.72,16.67,70710.21,0.00,1226.42,57.81,7848.79,14.57,5.95
143,FSN E-Commerce,246.70,673.97,70612.07,0.00,32.98,249.10,2345.98,25.14,9.59
144,Uno Minda,1220.90,64.38,70442.30,0.18,322.79,27.14,4814.03,13.41,18.83
145,Lenskart Solut.,405.50,266.97,70348.93,0.00,103.45,19.60,2096.15,20.77,5.57
146,Suzlon Energy,51.56,22.11,70132.38,0.00,1279.44,539.08,3870.78,84.03,32.52
147,Prestige Estates,1616.85,90.94,69642.62,0.11,457.40,123.88,2431.70,5.52,7.66
148,IDFC First Bank,80.37,48.09,69072.59,0.31,347.80,64.10,9936.93,10.94,6.22
149,Oracle Fin.Serv.,7872.50,28.84,68499.63,3.27,546.10,-5.47,1788.80,6.86,40.60
150,Yes Bank,21.74,24.08,68214.81,0.00,664.31,17.25,7388.75,-4.50,6.36
151,Aurobindo Pharma,1172.40,19.95,68093.16,0.34,848.13,3.80,8285.70,6.28,14.18
152,Lloyds Metals,1281.00,37.49,67701.13,0.08,567.39,89.95,3651.35,154.33,38.28
153,Coromandel Inter,2273.95,31.58,67080.51,0.51,793.44,21.28,9654.13,29.88,23.20
154,Alkem Lab,5601.55,28.48,66974.95,0.79,779.11,11.10,4000.99,17.17,20.38
155,General Insuranc,380.75,6.97,66798.75,2.60,2873.54,54.85,12755.45,3.05,13.32
156,Bharat Forge,1382.60,61.14,66100.56,0.61,299.28,22.83,4031.93,9.31,12.18
157,NMDC,74.52,9.39,65516.59,4.46,1698.04,40.22,6378.11,29.67,29.59
158,IndusInd Bank,835.25,,65072.27,0.00,-436.88,-132.82,11608.63,-8.49,6.47
159,Oil India,400.00,10.88,65064.32,2.86,1643.81,-29.13,8394.11,15.83,12.89
160,Adani Total Gas,590.25,103.71,64916.30,0.04,163.49,-11.91,1451.26,19.09,17.47
161,Jindal Stain.,784.95,23.41,64712.85,0.39,807.92,29.87,10892.78,11.41,18.16
162,MRF,152100.00,34.82,64507.78,0.15,525.64,11.67,7378.72,7.23,13.62
163,Rail Vikas,309.30,56.84,64489.67,0.55,230.52,-19.73,5122.97,5.52,14.72
164,Fortis Health.,852.70,63.91,64375.34,0.12,328.82,40.23,2331.44,17.25,11.96
165,Berger Paints,549.45,57.97,64060.02,0.69,206.38,-23.50,2827.49,1.91,24.90
166,Federal Bank,259.80,16.18,63956.51,0.46,1022.64,-9.52,7216.18,3.00,7.03
167,Torrent Power,1265.95,21.31,63791.68,1.50,741.55,50.45,7876.00,9.76,15.95
168,Bank of India,138.15,6.24,62895.13,2.94,2575.58,6.42,18521.48,6.04,6.17
169,HDB FINANC SER,752.95,29.07,62483.37,0.27,581.40,-1.62,4545.40,13.44,9.79
170,Phoenix Mills,1744.80,58.31,62393.75,0.14,384.09,39.38,1115.43,21.51,10.75
171,UPL,739.05,26.25,62325.47,0.81,612.00,209.91,12019.00,8.38,7.66
172,Vishal Mega Mart,130.90,83.13,61169.58,0.00,152.31,46.47,2981.49,22.38,13.10
173,Coforge,1822.70,53.68,61041.60,0.81,425.40,75.93,3985.70,31.73,20.34
174,Godrej Propert.,2014.65,39.15,60682.53,0.00,402.99,20.84,740.38,-32.28,6.57
175,Schaeffler India,3862.75,54.03,60376.16,0.72,306.65,24.08,2360.14,13.86,25.67
176,Abbott India,28089.70,39.61,59690.65,1.70,415.27,15.80,1757.15,7.62,46.25
177,Oberoi Realty,1624.25,26.46,59058.11,0.49,760.26,28.98,1779.04,34.79,17.73
178,Max Financial,1700.15,359.25,58674.65,0.00,5.87,-96.33,9791.59,-26.77,8.13
179,Colgate-Palmoliv,2144.10,44.06,58316.44,2.35,327.51,-17.10,1519.50,-6.15,105.34
180,Patanjali Foods,528.65,40.34,57508.05,0.62,516.70,67.23,9798.84,20.95,15.55
181,JSW Infrast,266.80,35.31,56028.04,0.30,368.81,-2.76,1265.59,26.39,13.92
182,Knowledge Realty,125.50,175.00,55651.75,1.22,1116.07,,,13.17
183,Glenmark Pharma.,1953.90,21.89,55139.24,0.13,610.43,333.45,6046.87,76.10,19.40
184,Laurus Labs,1018.45,80.43,54981.69,0.12,194.49,882.71,1653.47,35.12,9.15
185,Mphasis,2863.80,30.63,54560.99,1.97,469.07,10.80,3901.91,10.34,22.71
186,I R C T C,668.55,39.95,53484.00,1.18,341.86,9.69,1145.99,7.71,49.03
187,S A I L,128.95,19.15,53263.10,1.26,418.72,-29.04,26704.17,8.22,6.76
188,F A C T,815.25,581.52,52752.52,0.02,20.86,86.42,1629.30,12.47,8.65
189,Meesho,169.95,,52392.39,,,,,-8.85
190,Sundaram Finance,4677.80,26.38,51972.16,0.74,488.12,11.92,2385.64,14.44,9.64
191,Nippon Life Ind.,814.35,38.84,51873.52,2.14,344.64,-4.29,658.12,15.20,40.69
192,Bharat Dynamics,1401.25,78.50,51364.54,0.33,215.88,76.19,1147.03,110.55,19.66
193,Tata Comm,1800.00,51.37,51300.02,1.38,183.21,-18.24,6099.75,6.49,14.79
194,Tube Investments,2630.00,81.15,50892.84,0.13,302.05,-9.73,5522.64,12.15,21.80
195,P I Industries,3350.45,33.62,50832.39,0.47,409.30,-19.46,1872.30,-15.70,22.86
196,Biocon,379.40,106.89,50724.47,0.13,132.80,486.23,4295.50,19.64,6.25
197,Multi Comm. Exc.,9879.95,72.38,50386.18,0.29,197.47,28.54,374.23,31.04,42.86
198,Motil.Oswal.Fin.,834.00,24.76,50105.24,0.59,362.56,-67.64,1849.11,-34.91,18.67
199,Linde India,5868.70,98.89,50048.24,0.08,169.01,61.90,644.19,1.54,16.90
200,L&T Technology,4576.85,38.03,48508.63,1.19,329.20,2.85,2979.50,15.80,28.29
201,M & M Fin. Serv.,347.30,19.43,48273.69,1.86,566.07,44.95,5026.19,12.56,8.77
202,APL Apollo Tubes,1736.70,45.93,48217.01,0.33,301.54,460.38,5206.30,9.06,22.36
203,Natl. Aluminium,262.45,7.96,48202.41,4.00,1429.94,36.71,4292.34,7.27,43.96
204,Kalyan Jewellers,462.65,51.22,47776.08,0.32,260.51,99.46,7856.03,29.52,15.03
205,Altius Telecom,153.06,52.20,46643.50,5.63,280.00,33.08,6080.20,51.15,8.17
206,Hexaware Tech.,735.05,32.16,44912.70,1.53,369.90,22.34,3483.60,11.09,29.52
207,Balkrishna Inds,2319.90,32.49,44847.64,0.69,273.19,-21.26,2393.45,-1.09,16.67
208,360 ONE,1103.60,39.70,44702.10,1.08,315.48,28.51,1114.95,28.87,14.91
209,Voltas,1344.00,81.12,44470.91,0.52,31.50,-74.41,2347.32,-10.38,17.64
210,Godfrey Phillips,2828.50,34.60,44119.37,1.08,304.99,18.71,1289.03,-5.24,26.32
211,Glaxosmi. Pharma,2593.20,46.12,43930.33,1.64,257.49,2.57,979.94,-3.05,63.25
212,United Breweries,1661.20,115.55,43922.95,0.60,46.34,-64.80,2052.83,-3.02,13.88
213,Bank of Maha,56.77,7.12,43664.93,2.64,1668.61,25.20,7128.36,18.46,5.72
214,Radico Khaitan,3237.00,93.37,43341.35,0.12,138.96,69.07,1493.93,33.83,16.24
215,Authum Invest,2530.00,10.69,42970.91,0.04,764.59,-9.38,595.19,-45.45,30.85
216,Cochin Shipyard,1613.85,56.03,42457.21,0.59,101.09,-47.64,951.30,-13.28,20.35
217,J K Cements,5480.30,40.94,42345.32,0.27,159.25,275.56,3019.20,17.93,13.99
218,H U D C O,211.05,15.08,42250.06,1.92,709.83,3.08,3219.03,27.85,9.62
219,Supreme Inds.,3305.90,49.50,41993.84,1.03,164.74,-20.26,2393.87,5.32,22.04
220,Embassy Off.REIT,438.42,137.29,41557.52,0.10,232.18,-84.83,1124.41,12.74,3.64
221,Page Industries,36672.65,53.54,40904.20,2.43,194.76,-0.26,1290.86,3.58,59.40
222,Escorts Kubota,3652.20,34.31,40860.00,0.75,318.11,5.99,2791.56,22.58,13.59
223,P & G Hygiene,12580.00,49.39,40835.60,0.88,209.86,-0.96,1150.17,1.32,103.79
224,Petronet LNG,270.05,11.03,40507.50,3.67,830.30,-4.63,11009.13,-15.47,25.39
225,ITC Hotels,192.30,54.29,40051.29,0.00,133.29,74.31,839.48,7.91,9.63
226,Premier Energies,864.10,32.82,39143.20,0.12,353.44,71.61,1836.87,20.28,41.12
227,3M India,34620.00,70.40,39016.73,0.45,191.34,43.03,1266.49,14.02,38.17
228,Gujarat Fluoroch,3540.00,57.11,38886.91,0.09,179.00,47.93,1210.00,1.85,9.89
229,Jubilant Food.,583.10,128.43,38475.53,0.21,194.60,52.58,2340.15,19.72,13.08
230,Container Corpn.,503.65,29.34,38358.88,1.79,379.98,-3.01,2354.53,2.92,13.87
231,Narayana Hrudaya,1858.00,44.67,37970.23,0.24,258.49,29.64,1643.79,20.28,20.75
232,Physicswallah,132.40,,37862.33,0.00,69.71,62.39,1051.24,26.33,-2.12
233,KEI Industries,3952.00,47.71,37781.30,0.10,203.51,31.46,2726.35,19.38,21.29
234,Astral,1395.80,73.60,37498.18,0.26,134.80,22.55,1577.40,15.11,19.71
235,Indian Renewable,133.35,21.77,37461.19,0.00,549.00,41.59,2056.88,26.22,9.37
236,Ipca Labs.,1474.00,37.79,37395.99,0.28,280.53,41.49,2556.50,8.56,14.72
237,Poonawalla Fin,450.95,168.20,36643.59,0.00,74.20,115.75,1542.30,55.97,4.77
238,Tata Inv.Corpn.,720.50,103.58,36453.96,0.38,148.16,19.78,153.98,8.07,1.21
239,Dalmia BharatLtd,1939.00,32.69,36368.87,0.46,239.00,413.04,3417.00,10.69,5.58
240,UCO Bank,28.92,14.40,36264.40,1.33,619.76,2.82,6537.17,7.55,5.76
241,Endurance Tech.,2573.70,41.45,36202.35,0.38,227.27,11.97,3582.82,23.01,17.26
242,Anthem Bioscienc,643.00,77.99,36111.54,0.00,173.43,7.10,550.03,4.78,28.50
243,Chola Financial,1912.70,16.10,35916.20,0.07,1214.27,4.64,9461.41,16.95,10.57
244,Blue Star,1729.40,66.17,35559.08,0.52,98.78,2.93,2422.37,6.43,26.20
245,Apar Inds.,8802.00,37.62,35356.15,0.56,251.70,29.82,5715.42,23.06,32.70
246,Piramal Finance.,1553.00,56.78,35203.04,0.00,326.99,150.22,2871.55,21.42,7.73
247,Godrej Industrie,1031.70,36.12,34748.14,0.00,492.95,-15.70,5032.14,4.73,7.83
248,Hindustan Copper,359.05,60.57,34720.97,0.41,186.02,82.95,718.04,38.57,23.75
249,AIA Engineering,3699.15,30.65,34520.61,0.42,277.48,8.07,1047.76,0.34,18.92
250,K P R Mill Ltd,978.45,39.93,33444.83,0.51,218.03,6.36,1632.03,10.27,19.84
251,ACC,1780.75,10.24,33440.23,0.42,1119.26,401.44,5931.67,27.99,17.44
252,Apollo Tyres,522.50,25.29,33184.07,0.95,258.05,25.57,6831.09,6.12,11.44
253,Ajanta Pharma,2653.10,34.03,33146.63,1.09,260.19,20.19,1353.73,14.08,32.37
254,Thermax,2778.35,55.72,33105.73,0.49,119.40,-39.27,2473.90,-5.42,16.22
255,NLC India,237.10,12.58,32877.09,1.25,724.80,-27.06,4178.41,14.25,10.51
256,KPIT Technologi.,1198.35,42.46,32852.02,0.70,169.09,-17.01,1587.71,7.90,40.88
257,Central Bank,36.24,7.24,32802.23,1.09,1234.06,33.34,8776.54,6.57,5.48
258,Aster DM Health.,630.80,89.08,32683.12,0.78,121.31,13.83,1197.21,10.20,10.68
259,Metro Brands,1189.55,91.13,32402.67,0.49,68.98,-2.67,651.14,11.22,19.42
260,AWL Agri Busine.,247.05,29.68,32108.52,0.00,244.85,-21.32,17604.57,21.74,20.89
261,Go Digit General,344.35,62.59,31808.34,0.00,135.60,51.56,2488.04,11.35,10.80
262,CRISIL,4345.60,42.47,31779.37,0.57,193.10,12.56,911.24,12.24,35.60
263,Exide Inds.,371.00,39.96,31535.00,0.54,173.64,-25.66,4364.51,-1.92,8.65
264,Global Health,1161.85,52.24,31229.43,0.04,158.40,21.09,1099.22,14.91,19.74
265,C D S L,1481.40,65.46,30961.26,0.82,139.94,-13.46,318.89,-1.05,41.96
266,Navin Fluo.Intl.,5947.65,68.57,30473.73,0.21,148.37,152.24,758.42,46.26,11.68
267,Tata Elxsi,4864.45,45.18,30303.14,1.51,154.82,-32.52,918.10,-3.87,36.26
268,Delhivery,403.95,218.67,30219.40,0.00,-50.50,-593.92,2559.32,16.88,2.47
269,Honeywell Auto,34066.00,58.35,30114.34,0.31,119.50,3.82,1149.40,12.26,18.40
270,TVS Holdings,14749.50,20.73,29841.37,0.63,880.08,59.15,14549.15,25.92,15.21
271,Mindspace Busine,487.69,57.18,29709.28,3.27,126.79,10.54,772.01,18.98,6.53
272,Motherson Wiring,44.50,48.11,29510.93,1.27,165.34,8.72,2761.86,18.76,42.53
273,Sona BLW Precis.,472.00,46.86,29345.29,0.67,170.46,14.34,1138.29,23.43,17.82
274,LIC Housing Fin.,532.00,5.31,29263.33,1.86,1349.37,1.62,7179.25,3.48,8.93
275,SJVN,74.00,52.17,29080.49,1.97,307.80,-30.20,1032.40,0.60,4.91
276,ITI,301.40,,29029.60,0.00,-54.24,24.09,543.40,-46.53,-1.33
277,National High,149.00,68.71,28859.07,4.84,112.09,58.27,1001.55,76.71,3.38
278,NBCC,106.80,43.18,28836.00,0.62,156.69,25.71,2910.20,18.99,33.17
279,J B Chemicals &,1809.35,39.49,28343.65,0.85,207.82,19.05,1084.90,8.42,25.79
280,Gland Pharma,1706.00,35.58,28107.42,1.06,183.68,12.32,1486.88,5.77,11.89
281,PTC Industries,18626.60,444.42,27926.02,0.00,18.14,4.79,124.63,72.21,7.74
282,Pine Labs,242.90,,27891.57,0.00,5.97,118.65,649.90,17.83,-0.49
283,Star Health Insu,468.90,51.75,27590.03,0.00,54.90,-50.67,4377.78,7.87,11.98
284,Garden Reach Sh.,2392.70,44.59,27408.81,0.58,153.79,57.30,1677.38,45.49,36.64
285,ZF Commercial,14379.00,57.16,27262.57,0.13,106.47,-2.62,901.80,-0.54,20.15
286,Gujarat Gas,395.10,24.36,27198.26,1.47,279.81,-9.37,3780.40,-0.04,19.50
287,Inventurus Knowl,1575.95,44.39,27053.25,0.00,180.72,59.93,781.09,21.52,27.20
288,Aegis Vopak Term,244.00,149.52,27035.00,0.00,53.94,141.77,187.63,26.22,7.01
289,M R P L,153.80,26.01,26954.94,0.00,627.36,190.02,22648.57,-9.29,4.38
290,Gillette India,8220.50,46.70,26790.61,1.35,143.65,8.00,810.81,3.71,56.06
291,Emcure Pharma,1411.60,33.41,26758.95,0.21,251.37,25.13,2269.82,13.38,20.72
292,Krishna Institu.,661.50,80.53,26469.21,0.00,72.00,-37.45,960.70,23.59,15.00
293,New India Assura,160.40,22.74,26433.92,1.11,55.30,-39.73,13449.68,24.70,3.59
294,Tata Technolog.,644.00,37.68,26129.90,1.28,165.50,5.14,1323.33,2.07,25.80
295,Kaynes Tech,3894.05,68.88,26103.55,0.00,121.41,101.64,906.22,58.40,14.28
296,Indraprastha Gas,185.15,16.18,25921.03,2.25,384.95,-15.08,4023.40,8.81,20.85
297,Aegis Logistics,738.10,36.18,25907.32,0.96,244.02,42.61,2294.01,31.05,13.20
298,Nuvama Wealth,7030.15,24.87,25562.47,2.07,253.98,-1.36,1134.71,7.75,20.40
299,Asahi India Glas,995.90,88.54,25388.22,0.20,58.19,-40.77,1151.22,-0.56,12.45
300,Syngene Intl.,629.05,54.14,25346.86,0.20,67.10,-36.76,910.60,2.20,13.52
301,IRB Infra.Devl.,41.96,29.00,25339.66,0.70,140.82,41.00,1751.02,10.42,7.82
302,Ather Energy,647.85,,24709.55,0.00,-154.10,21.86,898.90,54.05,-65.71
303,Nexus Select,160.91,50.25,24377.89,2.75,132.32,20.03,630.89,13.19,5.17
304,The Ramco Cement,1021.40,127.35,24134.88,0.20,77.88,200.93,2238.74,9.52,4.77
305,Dr Lal Pathlabs,2874.30,45.12,24079.58,0.81,152.20,16.41,730.60,10.66,28.88
306,IIFL Finance,563.40,27.92,23957.32,0.00,417.94,25.08,3305.11,29.31,8.81
307,Firstsour.Solu.,338.50,36.15,23932.87,1.15,179.52,28.79,2312.22,20.09,15.37
308,Anand Rathi Wea.,2870.35,69.37,23829.93,0.37,99.90,30.53,297.37,22.64,56.26
309,EIH,379.45,31.12,23729.46,0.39,116.56,-17.77,597.94,1.52,23.43
310,Manappuram Fin.,277.70,52.34,23505.47,1.25,217.31,-61.47,2283.46,-13.28,11.03
311,Himadri Special,463.60,35.70,23389.49,0.13,176.14,30.51,1071.03,-5.80,22.01
312,Karur Vysya Bank,241.45,11.15,23333.84,0.89,573.96,21.19,2807.97,17.66,7.38
313,JSW Holdings,20820.15,196.27,23110.38,0.00,59.61,-49.60,83.57,-48.47,0.85
314,Amber Enterp.,6559.00,103.53,23069.29,0.00,-32.15,-271.15,1647.01,-2.24,14.49
315,PNB Housing,884.00,10.53,23029.00,0.57,626.49,32.82,2167.91,16.08,9.46
316,Pfizer,5029.60,32.54,23009.28,0.69,189.02,19.37,642.34,9.13,21.62
317,Emami,525.90,30.44,22955.55,1.53,148.35,-30.24,798.51,-10.34,32.42
318,Affle 3i,1629.70,54.65,22926.15,0.00,110.51,20.13,646.72,19.13,16.82
319,Bandhan Bank,141.70,18.57,22827.47,1.06,111.87,-88.07,5353.83,-2.65,7.82
320,Piramal Pharma,171.65,,22816.50,0.08,-99.22,-539.22,2043.72,-8.83,6.45
321,Sumitomo Chemi.,456.60,42.13,22791.03,0.25,177.90,-6.78,914.44,-5.86,25.14
322,Hatsun Agro,1023.15,63.48,22790.49,0.58,120.18,86.85,2381.32,14.92,13.12
323,Timken India,3029.60,50.12,22788.28,1.19,89.47,-0.53,772.99,2.67,20.93
324,Sagility,48.51,28.36,22709.11,0.10,250.83,113.76,1658.50,25.17,9.58
325,Astrazeneca Phar,9030.55,97.68,22576.39,0.35,54.22,51.26,559.09,37.03,33.40
326,Angel One,2479.95,28.85,22527.71,1.89,211.73,-49.99,1201.76,-20.66,25.80
327,CESC,168.15,15.36,22289.47,3.54,445.00,20.40,5267.00,12.06,11.23
328,HBL Engineering,800.75,33.54,22196.37,0.12,387.26,364.85,1222.90,134.74,27.33
329,Shyam Metalics,792.20,22.79,22112.80,0.54,260.45,21.47,4457.02,22.65,12.05
330,Force Motors,16778.40,26.96,22107.66,0.23,350.70,159.72,2081.40,7.22,29.99
331,ERIS Lifescience,1619.35,53.04,22058.35,0.44,134.47,31.23,792.41,6.91,12.22
332,Jyoti CNC Auto.,960.80,63.14,21850.87,0.00,85.50,12.68,507.90,17.93,24.35
333,Sun TV Network,553.00,13.15,21792.88,2.67,354.69,-13.42,1299.87,38.92,20.40
334,Wockhardt,1331.30,394.26,21632.51,0.00,82.00,454.55,782.00,-3.34,3.75
335,Redington,275.90,15.80,21569.17,2.42,350.20,32.42,29075.61,16.79,18.90
336,Brigade Enterpr.,879.20,26.99,21496.29,0.29,170.28,36.58,1383.37,29.03,13.34
337,Brookfield India,335.58,58.04,21477.47,3.51,149.38,354.27,670.63,13.63,5.38
338,N S D L,1066.80,62.39,21336.00,0.19,110.39,14.75,400.04,12.15,23.57
339,Welspun Corp,801.70,11.93,21148.07,0.63,443.51,48.67,4373.61,32.46,21.24
340,eClerx Services,4420.00,34.30,21061.49,0.02,183.46,30.62,1004.85,20.80,27.97
341,Aditya AMC,729.00,21.66,21046.91,3.25,241.32,-0.42,461.32,8.75,35.51
342,Aadhar Hsg. Fin.,484.10,21.28,20999.64,0.00,266.47,17.12,897.13,17.38,11.42
343,Neuland Labs.,16311.05,106.90,20926.89,0.07,96.85,194.91,514.27,65.45,18.66
344,Deepak Nitrite,1527.90,39.32,20839.49,0.49,118.75,-38.87,1901.89,-6.40,16.28
345,Inox Wind,120.25,40.83,20782.18,0.00,120.62,257.20,1119.18,52.68,11.52
346,CreditAcc. Gram.,1270.40,152.09,20328.12,0.00,125.81,-32.38,1508.35,3.79,9.55
347,Cohance Life,529.00,58.90,20237.82,0.00,66.39,-46.50,555.57,-7.98,14.89
348,KIOCL,332.60,,20213.79,0.00,-17.16,75.21,142.54,783.15,-9.48
349,Kalpataru Proj.,1168.30,24.28,19951.39,0.76,237.39,91.27,6528.57,32.43,15.95
350,Bayer Crop Sci.,4400.00,32.45,19774.51,2.86,152.70,12.03,1553.40,-10.60,24.80
351,City Union Bank,266.45,16.34,19773.20,0.75,328.59,15.22,1653.13,15.29,6.86
352,Sundram Fasten.,931.50,35.31,19573.48,0.77,152.75,5.89,1521.02,2.35,17.14
353,Pun. & Sind Bank,27.42,16.75,19456.10,0.25,294.52,22.93,2998.87,9.49,5.98
354,OneSource Speci.,1692.45,140.61,19389.02,0.00,10.49,127.55,375.76,12.49,5.52
355,Chalet Hotels,886.10,33.54,19382.48,0.11,154.82,211.81,735.31,95.02,11.13
356,Tata Chemicals,751.50,58.67,19145.25,1.42,154.00,-49.38,3877.00,-3.05,3.96
357,Poly Medicure,1888.40,52.93,19140.71,0.18,91.80,5.02,443.88,5.68,20.08
358,Tenneco Clean,472.70,33.73,19078.43,0.00,150.68,10.00,1280.64,9.58,57.30
359,DCM Shriram,1208.20,26.45,18840.95,0.73,158.72,151.18,3271.68,10.63,11.37
360,Cube Highways,140.00,607.20,18816.97,4.36,40.22,234.52,1051.62,28.30,3.91
361,RBL Bank,302.55,38.87,18666.74,0.33,178.52,-19.77,3507.47,-0.66,6.04
362,EID Parry,1046.25,18.22,18609.98,0.00,766.16,38.86,11624.44,24.59,16.59
363,Sai Life,882.55,64.85,18563.70,0.00,83.84,101.98,537.47,35.88,14.05
364,Castrol India,187.40,18.98,18536.18,4.55,227.80,9.82,1362.75,5.79,55.16
365,A B Real Estate,1657.20,,18510.21,0.12,-17.82,-5413.58,97.84,-63.27,-0.16
366,Urban Company,128.00,,18510.21,0.00,-52.39,-586.90,747.30,33.90,2.37
367,Century Plyboard,830.45,79.64,18450.36,0.13,70.95,72.42,1385.53,17.06,10.38
368,Anant Raj,509.70,37.29,18342.97,0.14,138.18,30.82,630.79,23.00,11.17
369,Bikaji Foods,730.00,84.64,18293.23,0.14,77.68,19.72,830.30,15.13,18.16
370,Cams Services,737.80,41.57,18271.58,1.67,110.94,-3.71,353.89,3.51,54.75
371,KEC International,683.50,26.61,18194.80,0.80,160.75,88.21,6091.56,19.13,17.98
372,Kansai Nerolac,224.15,27.85,18122.98,1.12,133.31,9.89,1954.18,0.14,13.03
373,TBO Tek,1667.65,81.45,18108.66,0.00,67.55,12.41,567.51,25.92,26.68
374,IndiGrid Trust,168.81,63.25,17970.30,6.44,38.63,-54.90,826.72,-1.08,7.51
375,KFin Technolog.,1028.00,51.27,17722.84,0.71,93.31,4.47,309.23,10.25,32.75
376,Alembic Pharma,888.55,27.52,17465.63,1.23,183.71,28.80,1910.15,15.91,13.05
377,Netweb Technol.,3077.50,129.35,17435.23,0.08,31.43,20.05,303.72,20.98,32.45
378,Grindwell Norton,1569.30,45.64,17375.30,1.07,107.43,11.12,774.74,11.65,20.90
379,BASF India,4003.65,45.04,17330.06,0.50,101.05,-21.02,3904.04,-8.09,18.02
380,Aditya Infotech,1473.50,88.06,17320.27,0.00,69.98,196.78,919.64,37.48,19.49
381,Atul,5879.00,31.91,17308.79,0.43,182.37,31.01,1551.85,11.42,12.81
382,Capri Global,179.70,24.08,17289.92,0.11,236.00,143.35,1121.37,49.18,11.18
383,Amara Raja Ener.,944.20,21.45,17281.21,1.10,302.40,-12.10,3388.18,8.05,16.75
384,Allied Blenders,617.45,67.22,17270.67,0.59,62.92,35.22,990.06,14.11,21.08
385,Sarda Energy,489.05,16.21,17233.17,0.31,327.77,65.39,1527.78,31.86,15.27
386,Schneider Elect.,719.95,70.12,17214.03,0.00,52.32,-3.59,650.14,8.41,40.90
387,Chambal Fert.,426.50,9.11,17087.80,2.31,648.75,20.95,6412.76,47.55,26.76
388,Ratnamani Metals,2435.00,28.14,17067.40,0.58,156.04,35.69,1191.69,22.69,21.51
389,Triveni Turbine,533.40,49.58,16956.00,0.74,91.40,0.33,506.20,1.02,41.36
390,Jubilant Pharmo,1062.90,34.09,16932.03,0.46,119.90,9.81,1966.40,12.22,9.54
391,Travel Food,1283.10,48.15,16895.81,0.00,97.90,-10.62,355.89,-28.88,41.69
392,Five-Star Bus.Fi,567.35,15.09,16707.05,0.35,286.14,6.79,799.44,13.87,16.34
393,Craftsman Auto,6993.95,64.05,16684.42,0.07,90.86,47.85,2001.59,64.88,11.74
394,Kajaria Ceramics,1044.30,41.45,16632.81,0.86,133.98,58.45,1186.01,0.57,17.13
395,Devyani Intl.,134.80,,16619.17,0.00,-23.95,-98719.25,1376.75,12.65,6.42
396,Ventive Hospital,707.55,71.38,16524.24,0.00,64.24,193.44,489.33,89.74,11.73
397,Zensar Tech.,719.80,23.36,16366.30,1.79,182.20,17.02,1421.30,8.66,21.28
398,Vinati Organics,1575.05,35.07,16327.82,0.47,129.02,21.59,546.27,-1.27,20.61
399,Paradeep Phosph.,156.90,16.71,16285.74,0.64,341.94,33.92,6872.20,48.78,13.72
400,Carborundum Uni.,853.50,65.04,16254.15,0.46,74.26,-35.69,1298.08,6.04,16.12
401,Prime Focus,209.40,135.12,16249.26,0.00,4.07,-89.22,1060.94,18.27,7.95
402,Kirloskar Oil,1113.65,33.18,16184.86,0.58,159.19,33.60,1948.38,29.50,13.68
403,Choice Intl.,725.55,89.13,16163.55,0.00,56.46,20.12,274.43,10.93,19.95
404,Vertis Infra.,107.00,26.90,16156.83,0.00,188.20,77.33,1001.66,95.66,9.51
405,Mah. Scooters,14133.75,52.14,16152.84,1.16,267.07,76.68,271.02,66.10,0.59
406,LMW,15107.50,134.18,16139.33,0.20,40.92,67.29,821.88,6.88,4.48
407,Crompton Gr. Con,250.20,33.16,16110.71,1.18,75.42,-31.79,1915.57,1.02,19.01
408,Guj.St.Petronet,283.85,15.53,16015.14,1.80,389.03,-7.42,4007.87,0.39,15.16
409,Akzo Nobel,3512.00,40.97,15993.79,2.83,1682.70,-14.84,834.90,-15.01,41.66
410,R R Kabel,1413.00,39.61,15979.56,0.43,116.26,134.73,2163.77,19.54,19.77
411,Elitecon Inter.,99.38,68.98,15885.89,0.05,117.20,,2192.09,,
412,Godawari Power,235.45,21.27,15770.35,0.43,161.65,1.78,1307.68,3.16,23.25
413,A B Lifestyle,129.00,144.85,15744.51,0.00,23.44,-40.75,2037.90,3.71,
414,Nava,556.15,16.94,15739.17,1.39,177.50,-47.98,963.73,7.02,17.17
415,JSW Cement,115.40,448.50,15733.16,0.00,75.36,234.23,1436.43,17.38,4.64
416,Dr Agarwal's Hea,493.00,134.32,15587.26,0.00,36.49,79.07,498.69,19.71,9.99
417,Deepak Fertilis.,1234.20,15.77,15580.34,0.79,214.02,1.48,3005.83,9.43,15.67
418,SignatureGlobal,1106.90,200.00,15553.13,0.00,-46.86,-1240.15,338.49,-54.83,5.42
419,Natco Pharma,867.85,10.01,15543.97,0.67,517.90,-23.46,1363.00,-0.59,32.78
420,G M D C,488.45,23.79,15532.71,1.99,465.75,-8.84,527.58,-11.03,14.06
421,GE Shipping Co,1086.45,8.69,15510.86,2.72,581.41,28.01,1241.78,-8.32,13.86
422,Sobha,1448.30,104.12,15487.09,0.21,72.53,178.00,1407.62,50.77,6.44
423,CIE Automotive,406.80,19.27,15432.44,1.72,213.94,9.49,2371.84,11.11,16.59
424,PG Electroplast,540.95,60.66,15415.23,0.04,2.76,-85.72,655.37,-2.37,19.36
425,CEAT,3808.65,29.41,15406.00,0.78,185.71,52.54,3772.65,14.17,15.40
426,Elgi Equipments,486.10,39.57,15404.95,0.45,121.40,28.17,968.00,11.41,21.91
427,DOMS Industries,2521.60,71.26,15303.02,0.12,60.86,13.52,567.91,24.06,26.18
428,RRPSemiconductor,11207.00,,15268.42,0.00,-7.15,-492.86,-6.82,-220.49,80.21
429,Ola Electric,34.34,,15146.78,0.00,-418.00,15.56,690.00,-43.16,-28.09
430,Brainbees Solut.,284.10,,14829.81,0.00,-50.54,33.09,2099.08,10.19,-0.40
431,Anupam Rasayan,1295.50,97.52,14749.12,0.06,57.15,166.29,731.40,148.81,7.33
432,Caplin Point Lab,1931.15,24.92,14678.99,0.31,160.23,18.08,534.04,10.54,25.85
433,Afcons Infrastr.,397.90,29.12,14634.11,0.63,105.08,-22.42,2988.39,0.97,19.59
434,Concord Biotech,1391.00,44.99,14552.14,0.76,63.06,-33.59,247.06,-20.35,28.25
435,Vedant Fashions,596.35,37.52,14489.48,1.34,56.08,-16.17,263.15,-1.79,25.93
436,V-Guard Industri,332.00,49.88,14486.61,0.44,65.29,3.00,1340.92,3.63,19.50
437,Gallantt Ispat L,600.05,29.39,14478.03,0.21,88.93,81.90,1012.75,7.45,19.20
438,Aptus Value Hou.,288.90,17.16,14465.93,1.58,226.55,24.50,544.04,29.11,15.05
439,Data Pattern,2548.25,61.09,14266.13,0.30,49.19,62.45,307.46,237.79,21.00
440,Intellect Design,1020.15,35.27,14209.89,0.38,101.92,93.66,758.09,35.83,16.76
441,UTI AMC,1105.80,24.13,14189.26,2.38,132.20,-52.75,418.55,-22.26,21.02
442,Syrma SGS Tech.,735.25,61.62,14177.91,0.20,66.34,76.77,1145.89,37.60,11.67
443,International Ge,327.25,27.68,14142.50,0.76,129.79,18.42,303.74,21.43,68.01
444,Trident,27.75,31.89,14141.28,1.82,90.93,9.30,1787.17,4.33,9.48
445,Minda Corp,591.10,52.94,14131.97,0.24,84.64,13.86,1535.36,19.02,12.66
446,Tega Inds.,1879.25,59.72,14118.38,0.11,44.94,522.44,405.35,14.73,17.80
447,C P C L,947.00,12.08,14101.85,0.53,719.19,213.49,16327.34,35.09,4.30
448,Reliance Power,34.08,47.01,14094.75,0.00,87.32,138.49,1974.03,12.17,6.15
449,Ircon Intl.,149.80,23.40,14088.87,1.73,136.51,-32.68,1976.75,-19.23,11.60
450,Swan Corp,448.20,24.18,14049.13,0.02,-5.87,-107.45,1138.34,10.28,-1.44
451,BEML Ltd,1679.50,47.27,13988.39,0.63,48.03,-5.88,839.09,-2.41,15.56
452,Shriram Pistons,3154.95,25.69,13897.51,0.31,142.10,12.10,1016.50,15.97,25.70
453,Belrise Industri,156.00,30.47,13882.05,0.35,132.98,81.54,2353.54,13.77,14.30
454,Emmvee Photovol.,200.25,24.20,13864.17,0.00,237.86,577.28,1131.00,181.06,28.01
455,Rainbow Child.,1359.40,54.42,13805.91,0.22,75.62,-4.59,444.80,6.55,18.69
456,Cemindia Project,802.00,30.89,13777.37,0.24,107.69,49.44,2175.45,9.27,27.64
457,Acutaas Chemical,1682.55,61.50,13775.25,0.09,71.86,93.52,306.20,24.10,19.92
458,Gabriel India,957.65,61.26,13756.06,0.49,60.65,15.11,1066.08,15.38,26.14
459,Niva Bupa Health,73.77,147.13,13626.09,0.00,-35.27,-370.89,1574.03,19.13,7.45
460,Welspun Living,141.90,38.50,13610.28,1.20,14.86,-93.54,2440.91,-15.04,14.41
461,Zydus Wellness,426.10,48.14,13556.80,0.28,-52.80,-256.82,650.50,31.97,6.16
462,Jain Resource,392.65,53.45,13549.84,0.00,98.64,80.53,2054.91,52.96,27.20
463,Indiamart Inter.,2252.10,25.18,13532.26,1.33,82.70,-38.79,391.00,12.45,34.24
464,Granules India,555.00,26.37,13468.09,0.27,130.61,34.33,1296.98,34.18,15.14
465,L T Foods,387.80,21.22,13466.51,0.77,163.85,10.42,2765.74,31.22,19.18
466,JM Financial,140.80,11.74,13465.25,1.87,261.89,16.30,1031.28,-13.37,9.39
467,Cartrade Tech,2797.70,71.54,13371.26,0.00,64.07,113.99,193.41,25.42,7.59
468,Fine Organic,4351.30,33.33,13341.08,0.25,108.55,-7.57,597.29,0.25,26.39
469,Gravita India,1800.15,36.66,13286.65,0.34,95.97,33.32,1035.50,11.65,21.50
470,JBM Auto,559.05,63.53,13221.26,0.15,55.22,5.65,1368.24,6.40,14.20
471,ACME Solar Hold.,217.05,25.99,13152.62,0.09,115.06,631.63,467.75,80.19,8.42
472,BLS Internat.,318.50,21.76,13113.85,0.31,185.70,26.77,736.63,48.81,33.62
473,SZF India Indus.,2652.00,,13110.92,0.00,-0.56,,0.00,,
474,Leela Palaces Hotels,392.30,75.26,13101.22,0.00,74.73,246.02,310.65,12.09,11.98
475,Usha Martin,429.60,31.02,13091.68,0.68,109.80,16.20,907.56,1.84,18.75
476,The Bombay Burmah,1863.95,11.64,13005.02,0.91,565.97,-4.85,4942.83,3.82,35.52
477,CCL Products,973.80,38.45,13002.96,0.51,100.86,36.39,1126.73,52.63,13.14
478,IFCI,47.90,33.84,12905.79,0.00,317.40,71.83,732.28,18.66,8.08
479,Vardhman Textile,444.65,15.26,12860.92,1.12,187.76,-4.99,2480.10,-0.89,10.83
480,Aarti Industries,354.55,47.80,12855.75,0.29,106.00,68.00,2100.00,28.99,6.32
481,KSB,738.20,48.92,12847.58,0.53,67.50,9.40,649.60,5.37,23.82
482,Blue Dart Expres,5392.95,48.07,12797.52,0.46,81.38,29.50,1549.33,6.96,16.33
483,India Cements,412.85,,12794.10,0.00,8.81,111.61,1117.04,9.32,-5.49
484,Lemon Tree Hotel,161.45,58.12,12790.82,0.00,41.93,16.73,306.28,7.70,12.98
485,Indegene,531.40,28.67,12770.45,0.38,102.10,11.34,804.20,17.09,24.80
486,Cyient,1140.90,22.58,12675.65,2.19,142.90,-34.47,1781.00,-3.68,16.58
487,Techno Elec.Engg,1082.00,28.21,12583.68,0.82,103.98,10.37,843.43,91.07,16.54
488,JP Power Ven.,18.33,16.89,12562.40,0.00,182.10,-0.31,1438.30,17.28,10.26
489,Bata India,976.05,67.46,12544.96,1.95,13.90,-63.66,801.33,-4.28,15.14
490,Eureka Forbes,647.40,68.03,12520.93,0.00,61.59,38.40,773.45,14.95,5.04
491,Indian Energy Ex,139.65,27.68,12452.51,2.13,121.61,14.64,152.24,9.34,53.61
492,Kirl. Brothers,1565.95,31.41,12435.06,0.44,72.20,-27.77,1027.70,-0.78,27.59
493,Supreme Petroch.,657.50,40.26,12363.74,1.50,48.20,-46.65,1100.15,-26.93,22.76
494,Zen Technologies,1366.85,49.98,12341.33,0.15,61.91,-6.29,173.57,-28.23,37.22
495,Home First Finan,1186.70,27.20,12329.09,0.31,131.85,42.96,477.32,28.00,11.35
496,Privi Speci.,3131.85,45.84,12233.81,0.16,90.21,110.28,678.71,27.39,16.42
497,JK Tyre & Indust,446.40,22.43,12232.26,0.67,226.86,58.99,4011.31,10.76,12.78
498,AAVAS Financiers,1540.10,20.20,12194.41,0.00,163.93,10.83,667.02,15.17,10.09
499,PCBL Chemical,309.60,34.88,12181.70,1.94,61.70,-50.12,2163.57,0.02,11.82
500,Cello World,546.75,36.26,12076.83,0.28,91.32,4.92,587.44,19.87,23.72
